"timestamp","system_cpu_percent","system_memory_used_bytes","system_memory_free_bytes","backend_pid","backend_alive","backend_cpu_seconds","backend_working_set_bytes","backend_private_memory_bytes","backend_thread_count"
"2026-08-13T02:09:00.3807175+07:00","41","12763787264","4127191040","18480","True","0.609375","55021568","56213504","13"
"2026-08-13T02:09:03.7687067+07:00","39","12763881472","4127096832","18480","True","0.609375","55021568","56213504","13"
"2026-08-13T02:09:05.1911878+07:00","38","12747804672","4143173632","18480","True","0.609375","55021568","56213504","13"
"2026-08-13T02:09:06.5967102+07:00","51","12849217536","4041760768","18480","True","0.625","55341056","56483840","13"
"2026-08-13T02:09:08.0637540+07:00","76","13019222016","3871756288","18480","True","0.640625","55472128","56483840","13"
"2026-08-13T02:09:09.5356360+07:00","30","12966076416","3924901888","18480","True","0.640625","56426496","57278464","13"
"2026-08-13T02:09:10.9471530+07:00","33","12978049024","3912929280","18480","True","0.65625","56553472","57278464","13"
"2026-08-13T02:09:12.3582038+07:00","31","13007450112","3883528192","18480","True","0.671875","56623104","57278464","13"
"2026-08-13T02:09:13.7744671+07:00","36","12987928576","3903049728","18480","True","0.671875","56782848","57552896","13"
"2026-08-13T02:09:15.1847950+07:00","29","13019951104","3871027200","18480","True","0.703125","56848384","57552896","13"
"2026-08-13T02:09:16.6032128+07:00","37","13071548416","3819429888","18480","True","0.734375","57135104","57552896","13"
"2026-08-13T02:09:18.0125579+07:00","30","13205659648","3685318656","18480","True","0.75","57520128","58093568","13"
"2026-08-13T02:09:19.4135453+07:00","37","13002285056","3888693248","18480","True","0.78125","57769984","58093568","13"
"2026-08-13T02:09:20.8182873+07:00","50","13099786240","3791192064","18480","True","0.796875","57978880","58093568","13"
"2026-08-13T02:09:22.2405405+07:00","36","13147262976","3743715328","18480","True","0.8125","58163200","58368000","13"
"2026-08-13T02:09:23.6628127+07:00","42","13226872832","3664105472","18480","True","0.8125","58376192","58368000","13"
"2026-08-13T02:09:25.0915155+07:00","55","13277061120","3613917184","18480","True","0.8125","58384384","58638336","13"
"2026-08-13T02:09:26.5193921+07:00","49","13297352704","3593625600","18480","True","0.859375","58707968","58912768","13"
"2026-08-13T02:09:27.9527075+07:00","43","13337726976","3553251328","18480","True","0.859375","58904576","58912768","13"
"2026-08-13T02:09:29.3801707+07:00","54","13289279488","3601698816","18480","True","0.921875","59400192","59920384","13"
"2026-08-13T02:09:30.7981508+07:00","78","13376126976","3514851328","18480","True","0.921875","59613184","60465152","13"
"2026-08-13T02:09:32.2461763+07:00","41","13360451584","3530526720","18480","True","0.921875","59613184","60465152","13"
"2026-08-13T02:09:33.6792872+07:00","37","13389496320","3501481984","18480","True","0.953125","59846656","60735488","13"
"2026-08-13T02:09:35.1072628+07:00","50","13451173888","3439804416","18480","True","0.984375","60022784","60735488","13"
"2026-08-13T02:09:36.5468502+07:00","42","13625536512","3265441792","18480","True","1","60215296","61005824","13"
"2026-08-13T02:09:37.9799437+07:00","65","13783113728","3107864576","18480","True","1.03125","60387328","61005824","13"
"2026-08-13T02:09:39.4366825+07:00","49","13865852928","3025125376","18480","True","1.046875","60563456","61550592","13"
"2026-08-13T02:09:40.8863750+07:00","42","13736038400","3154939904","18480","True","1.09375","60817408","61550592","13"
"2026-08-13T02:09:42.3153914+07:00","43","13779062784","3111915520","18480","True","1.09375","60821504","61550592","13"
"2026-08-13T02:09:43.7421655+07:00","53","13225521152","3665457152","18480","True","1.140625","61038592","61820928","13"
"2026-08-13T02:09:45.1698475+07:00","45","13433831424","3457146880","18480","True","1.140625","61243392","62091264","13"
"2026-08-13T02:09:46.5970658+07:00","51","13379526656","3511451648","18480","True","1.15625","61648896","62361600","13"
"2026-08-13T02:09:48.0418088+07:00","38","13391925248","3499053056","18480","True","1.15625","61661184","62361600","13"
"2026-08-13T02:09:49.4753704+07:00","46","13488168960","3402809344","18480","True","1.203125","61902848","62144512","13"
"2026-08-13T02:09:50.9039254+07:00","38","13499101184","3391877120","18480","True","1.21875","62242816","62836736","13"
"2026-08-13T02:09:52.3598365+07:00","43","13603704832","3287273472","18480","True","1.234375","62439424","63107072","13"
"2026-08-13T02:09:53.7870272+07:00","29","13498187776","3392790528","18480","True","1.25","62480384","63225856","13"
"2026-08-13T02:09:55.2046480+07:00","30","13500547072","3390431232","18480","True","1.25","62492672","63225856","13"
"2026-08-13T02:09:56.6306707+07:00","25","12934389760","3956588544","18480","True","1.265625","62771200","63033344","12"
"2026-08-13T02:09:58.0574426+07:00","29","12923854848","3967123456","18480","True","1.3125","63369216","63885312","12"
"2026-08-13T02:09:59.4701952+07:00","17","12890050560","4000927744","18480","True","1.328125","63385600","63885312","12"
"2026-08-13T02:10:00.8799430+07:00","32","12978012160","3912966144","18480","True","1.359375","63737856","64155648","12"
"2026-08-13T02:10:02.3084160+07:00","28","12960714752","3930263552","18480","True","1.359375","64000000","64425984","12"
"2026-08-13T02:10:03.7360024+07:00","24","12574887936","4316090368","18480","True","1.359375","63950848","64425984","12"
"2026-08-13T02:10:05.1523812+07:00","39","12587700224","4303278080","18480","True","1.359375","63950848","64425984","12"
"2026-08-13T02:10:06.5639582+07:00","35","12574277632","4316700672","18480","True","1.40625","64061440","64548864","12"
"2026-08-13T02:10:07.9748996+07:00","25","12585910272","4305068032","18480","True","1.4375","64282624","64847872","12"
"2026-08-13T02:10:09.3813147+07:00","26","12580585472","4310392832","18480","True","1.4375","64540672","64847872","12"
"2026-08-13T02:10:10.7859946+07:00","25","12590673920","4300304384","18480","True","1.578125","64647168","64921600","12"
"2026-08-13T02:10:12.1933008+07:00","28","12618342400","4272635904","18480","True","1.59375","64647168","64921600","12"
"2026-08-13T02:10:13.6091793+07:00","20","12615475200","4275503104","18480","True","1.609375","64647168","64921600","12"
"2026-08-13T02:10:15.0243469+07:00","24","12644466688","4246511616","18480","True","1.625","64647168","65036288","12"
"2026-08-13T02:10:16.4343880+07:00","25","12649119744","4241858560","18480","True","1.640625","64708608","64909312","12"
"2026-08-13T02:10:17.8410820+07:00","27","12638081024","4252897280","18480","True","1.65625","64708608","64909312","12"
"2026-08-13T02:10:19.2473822+07:00","30","12638842880","4252135424","18480","True","1.671875","64716800","64917504","12"
"2026-08-13T02:10:20.6579265+07:00","34","12648325120","4242653184","18480","True","1.71875","64782336","65019904","12"
"2026-08-13T02:10:22.0914425+07:00","28","12640555008","4250423296","18480","True","1.75","64827392","65024000","12"
"2026-08-13T02:10:23.4977212+07:00","21","12663013376","4227964928","18480","True","1.78125","64843776","65028096","12"
"2026-08-13T02:10:24.9137360+07:00","32","12654194688","4236783616","18480","True","1.828125","64847872","65032192","12"
"2026-08-13T02:10:26.3264143+07:00","40","12679999488","4210978816","18480","True","1.84375","64851968","65036288","12"
"2026-08-13T02:10:27.7367457+07:00","27","12673269760","4217708544","18480","True","1.875","64856064","65044480","12"
"2026-08-13T02:10:29.1412765+07:00","28","12681351168","4209627136","18480","True","1.890625","64876544","65060864","12"
"2026-08-13T02:10:30.5579500+07:00","28","12662800384","4228177920","18480","True","1.890625","64876544","65060864","12"
"2026-08-13T02:10:31.9698372+07:00","50","12683046912","4207931392","18480","True","1.921875","64667648","64749568","12"
"2026-08-13T02:10:33.4102356+07:00","39","12674801664","4216176640","18480","True","1.921875","64933888","65896448","12"
"2026-08-13T02:10:34.8150383+07:00","25","12698218496","4192759808","18480","True","1.96875","64933888","65896448","12"
"2026-08-13T02:10:36.2197920+07:00","32","12695773184","4195205120","18480","True","1.984375","64823296","64946176","12"
"2026-08-13T02:10:37.6233926+07:00","28","12701134848","4189843456","18480","True","2","64831488","64966656","12"
"2026-08-13T02:10:39.0312175+07:00","16","12701704192","4189274112","18480","True","2.015625","64843776","64966656","12"
"2026-08-13T02:10:40.4364965+07:00","20","12717826048","4173152256","18480","True","2.03125","64843776","64966656","12"
"2026-08-13T02:10:41.8459197+07:00","39","12629626880","4261351424","18480","True","2.046875","65335296","66146304","12"
"2026-08-13T02:10:43.2534057+07:00","22","12630917120","4260061184","18480","True","2.0625","65531904","66416640","12"
"2026-08-13T02:10:44.6644104+07:00","24","12658798592","4232179712","18480","True","2.078125","65822720","66957312","12"
"2026-08-13T02:10:46.0698099+07:00","29","12636692480","4254285824","18480","True","2.09375","65691648","66113536","12"
"2026-08-13T02:10:47.4810970+07:00","39","12651016192","4239962112","18480","True","2.109375","66015232","66482176","12"
"2026-08-13T02:10:48.8925915+07:00","34","12659703808","4231274496","18480","True","2.140625","66015232","66482176","12"
"2026-08-13T02:10:50.2867407+07:00","33","12651008000","4239970304","18480","True","2.140625","66015232","66482176","12"
"2026-08-13T02:10:51.6969688+07:00","26","12652732416","4238245888","18480","True","2.15625","66015232","66482176","12"
"2026-08-13T02:10:53.0979909+07:00","30","12676661248","4214317056","18480","True","2.171875","66015232","66482176","12"
"2026-08-13T02:10:54.4979892+07:00","27","12649439232","4241539072","18480","True","2.21875","65740800","66224128","12"
"2026-08-13T02:10:55.8977440+07:00","30","12650414080","4240564224","18480","True","2.234375","65740800","66224128","12"
"2026-08-13T02:10:57.3037354+07:00","28","12659871744","4231106560","18480","True","2.3125","66277376","67043328","12"
"2026-08-13T02:10:58.7148277+07:00","28","12723908608","4167069696","18480","True","2.34375","66277376","67043328","12"
"2026-08-13T02:11:00.1248432+07:00","17","12715929600","4175048704","18480","True","2.359375","66281472","67047424","12"
"2026-08-13T02:11:01.5312578+07:00","22","12699172864","4191805440","18480","True","2.375","66281472","67047424","12"
"2026-08-13T02:11:02.9428057+07:00","33","12787052544","4103925760","18480","True","2.421875","66285568","67051520","12"
"2026-08-13T02:11:04.3421261+07:00","20","12691156992","4199821312","18480","True","2.421875","66293760","67059712","12"
"2026-08-13T02:11:05.7424719+07:00","21","12692205568","4198772736","18480","True","2.484375","66293760","66793472","12"
"2026-08-13T02:11:07.1507096+07:00","28","12697341952","4193636352","18480","True","2.484375","66301952","66801664","12"
"2026-08-13T02:11:08.5646805+07:00","37","12722384896","4168593408","18480","True","2.546875","66502656","68435968","12"
"2026-08-13T02:11:09.9805415+07:00","23","12722610176","4168368128","18480","True","2.546875","67874816","68661248","12"
"2026-08-13T02:11:11.3979424+07:00","20","12727033856","4163944448","18480","True","2.546875","67891200","68661248","12"
"2026-08-13T02:11:12.7924758+07:00","28","12712792064","4178186240","18480","True","2.6875","67866624","72855552","12"
"2026-08-13T02:11:14.2028423+07:00","32","12709564416","4181413888","18480","True","2.796875","67866624","72855552","12"
"2026-08-13T02:11:15.6036317+07:00","29","12715356160","4175622144","18480","True","2.796875","68911104","72966144","12"
"2026-08-13T02:11:17.0084461+07:00","23","12719128576","4171849728","18480","True","2.9375","69812224","73494528","12"
"2026-08-13T02:11:18.4096358+07:00","41","12827942912","4063035392","18480","True","2.984375","71168000","73527296","12"
"2026-08-13T02:11:19.8212896+07:00","32","12738809856","4152168448","18480","True","3.09375","70856704","72941568","12"
"2026-08-13T02:11:21.2250939+07:00","30","12724441088","4166537216","18480","True","3.09375","71319552","80994304","12"
"2026-08-13T02:11:22.6428051+07:00","30","12741578752","4149399552","18480","True","3.140625","71954432","80994304","12"
"2026-08-13T02:11:24.0483486+07:00","34","12763189248","4127789056","18480","True","3.203125","73551872","80777216","12"
"2026-08-13T02:11:25.4450646+07:00","29","12752125952","4138852352","18480","True","3.21875","74661888","80879616","12"
"2026-08-13T02:11:26.8482311+07:00","23","12731617280","4159361024","18480","True","3.28125","75399168","80879616","12"
"2026-08-13T02:11:28.2474294+07:00","34","12728328192","4162650112","18480","True","3.28125","76161024","80879616","12"
"2026-08-13T02:11:29.6530241+07:00","27","12738523136","4152455168","18480","True","3.328125","77045760","81096704","12"
"2026-08-13T02:11:31.0537658+07:00","26","12719017984","4171960320","18480","True","3.34375","77045760","81096704","12"
"2026-08-13T02:11:32.4557307+07:00","31","12719480832","4171497472","18480","True","3.421875","77045760","81096704","12"
"2026-08-13T02:11:33.8649578+07:00","32","12690399232","4200579072","18480","True","3.46875","76668928","80924672","12"
"2026-08-13T02:11:35.2753062+07:00","24","12688097280","4202881024","18480","True","3.5","76701696","81289216","12"
"2026-08-13T02:11:36.6823437+07:00","29","12665647104","4225331200","18480","True","3.53125","76709888","81297408","12"
"2026-08-13T02:11:38.0975636+07:00","38","12691841024","4199137280","18480","True","3.609375","76816384","81297408","12"
"2026-08-13T02:11:39.5170254+07:00","20","12673585152","4217393152","18480","True","3.640625","77303808","81567744","12"
"2026-08-13T02:11:40.9313605+07:00","24","12678594560","4212383744","18480","True","3.734375","77017088","81035264","12"
"2026-08-13T02:11:42.3312578+07:00","33","12703887360","4187090944","18480","True","3.78125","77172736","80863232","12"
"2026-08-13T02:11:43.7366430+07:00","28","12677443584","4213534720","18480","True","3.828125","77758464","96174080","12"
"2026-08-13T02:11:45.1309714+07:00","28","12661108736","4229869568","18480","True","3.875","77758464","96174080","12"
"2026-08-13T02:11:46.5272998+07:00","33","12651720704","4239257600","18480","True","3.90625","77762560","96178176","12"
"2026-08-13T02:11:47.9263763+07:00","28","12669599744","4221378560","18480","True","3.953125","77774848","96190464","12"
"2026-08-13T02:11:49.3489767+07:00","20","12674174976","4216803328","18480","True","3.96875","78405632","97112064","12"
"2026-08-13T02:11:50.7597562+07:00","45","12797956096","4093022208","18480","True","4.03125","79650816","97144832","12"
"2026-08-13T02:11:52.1731433+07:00","89","13342818304","3548160000","18480","True","4.09375","79687680","97185792","12"
"2026-08-13T02:11:53.6951358+07:00","100","13544009728","3346968576","18480","True","4.171875","81158144","97185792","12"
"2026-08-13T02:11:55.1941325+07:00","100","14146588672","2744389632","18480","True","4.21875","82178048","96174080","12"
"2026-08-13T02:11:56.6997814+07:00","86","13878923264","3012055040","18480","True","4.328125","82309120","96382976","12"
"2026-08-13T02:11:58.1932098+07:00","49","13050114048","3840864256","18480","True","4.359375","82239488","96256000","12"
"2026-08-13T02:11:59.5997860+07:00","22","12695384064","4195594240","18480","True","4.390625","83374080","96489472","12"
"2026-08-13T02:12:00.9988463+07:00","18","12698202112","4192776192","18480","True","4.4375","84967424","96501760","12"
"2026-08-13T02:12:02.4179368+07:00","33","12701532160","4189446144","18480","True","4.46875","86470656","96501760","12"
"2026-08-13T02:12:03.8320905+07:00","31","12709945344","4181032960","18480","True","4.53125","88117248","96501760","12"
"2026-08-13T02:12:05.2266729+07:00","43","12789411840","4101566464","18480","True","4.609375","89083904","96518144","12"
"2026-08-13T02:12:06.6350712+07:00","19","12889354240","4001624064","18480","True","4.625","89108480","96567296","12"
"2026-08-13T02:12:08.0597707+07:00","35","12996026368","3894951936","18480","True","4.671875","89182208","96681984","12"
"2026-08-13T02:12:09.5013969+07:00","31","13065375744","3825602560","18480","True","4.765625","89149440","96665600","12"
"2026-08-13T02:12:10.9096252+07:00","51","13200306176","3690672128","18480","True","4.90625","89161728","96677888","12"
"2026-08-13T02:12:12.3368443+07:00","56","13199441920","3691536384","18480","True","4.953125","89182208","96698368","12"
"2026-08-13T02:12:13.7867845+07:00","81","13279051776","3611926528","18480","True","5.09375","90890240","98344960","12"
"2026-08-13T02:12:15.2398600+07:00","75","13316677632","3574300672","18480","True","5.1875","91287552","99717120","12"
"2026-08-13T02:12:16.6998656+07:00","34","13390548992","3500429312","18480","True","5.265625","91099136","98566144","12"
"2026-08-13T02:12:18.1170281+07:00","27","13407301632","3483676672","18480","True","5.328125","91455488","99868672","12"
"2026-08-13T02:12:19.5324558+07:00","44","13444001792","3446976512","18480","True","5.390625","91131904","98156544","12"
"2026-08-13T02:12:20.9440993+07:00","32","13440454656","3450523648","18480","True","5.484375","93503488","100974592","12"
"2026-08-13T02:12:22.3553320+07:00","39","13454327808","3436650496","18480","True","5.546875","93380608","100782080","12"
"2026-08-13T02:12:23.7738966+07:00","65","13526052864","3364925440","18480","True","5.609375","93413376","100823040","12"
"2026-08-13T02:12:25.2284489+07:00","71","13569892352","3321085952","18480","True","5.65625","93478912","100888576","12"
"2026-08-13T02:12:26.6734062+07:00","81","13569564672","3321413632","18480","True","5.71875","93581312","101060608","12"
"2026-08-13T02:12:28.1212532+07:00","73","13165129728","3725848576","18480","True","5.765625","93605888","101064704","12"
"2026-08-13T02:12:29.5494404+07:00","36","13252399104","3638579200","18480","True","5.8125","93605888","101064704","12"
"2026-08-13T02:12:30.9594907+07:00","42","13289680896","3601297408","18480","True","5.859375","93605888","101064704","12"
"2026-08-13T02:12:32.3753717+07:00","24","12926828544","3964149760","18480","True","5.9375","93605888","101064704","12"
"2026-08-13T02:12:33.7857109+07:00","17","12949430272","3941548032","18480","True","6.015625","93368320","100827136","12"
"2026-08-13T02:12:35.1871584+07:00","21","12902047744","3988930560","18480","True","6.046875","93540352","101117952","12"
"2026-08-13T02:12:36.5935280+07:00","24","12906049536","3984928768","18480","True","6.09375","93392896","100777984","12"
"2026-08-13T02:12:37.9902366+07:00","20","12895113216","3995865088","18480","True","6.140625","93392896","100777984","12"
"2026-08-13T02:12:39.3932759+07:00","29","12909043712","3981934592","18480","True","6.203125","93401088","100786176","12"
"2026-08-13T02:12:40.7986160+07:00","24","12885999616","4004978688","18480","True","6.234375","93642752","101216256","12"
"2026-08-13T02:12:42.2106947+07:00","25","12904374272","3986604032","18480","True","6.53125","94081024","101498880","14"
"2026-08-13T02:12:43.6165807+07:00","34","12884807680","4006170624","18480","True","6.546875","94633984","102739968","14"
"2026-08-13T02:12:45.0324415+07:00","31","12875030528","4015947776","18480","True","6.578125","94633984","102739968","14"
"2026-08-13T02:12:46.4326668+07:00","43","12872572928","4018405376","18480","True","6.59375","94650368","102756352","14"
"2026-08-13T02:12:47.8444212+07:00","22","12872187904","4018790400","18480","True","6.671875","93966336","101269504","14"
"2026-08-13T02:12:49.2438076+07:00","18","12900159488","3990818816","18480","True","6.6875","94670848","102424576","14"
"2026-08-13T02:12:50.6489012+07:00","24","12935770112","3955208192","18480","True","6.703125","94212096","101597184","14"
"2026-08-13T02:12:52.0477794+07:00","26","12938997760","3951980544","18480","True","6.765625","94216192","101601280","14"
"2026-08-13T02:12:53.4542440+07:00","34","12926820352","3964157952","18480","True","6.8125","94494720","101933056","14"
"2026-08-13T02:12:54.8618795+07:00","25","12923457536","3967520768","18480","True","6.859375","94502912","101941248","14"
"2026-08-13T02:12:56.2714361+07:00","24","12926255104","3964723200","18480","True","6.90625","94605312","102076416","14"
"2026-08-13T02:12:57.6774878+07:00","26","12924968960","3966009344","18480","True","6.984375","94605312","102076416","14"
"2026-08-13T02:12:59.0770869+07:00","30","12930715648","3960262656","18480","True","7.046875","94605312","102076416","14"
"2026-08-13T02:13:00.4769958+07:00","38","12943433728","3947544576","18480","True","7.109375","94605312","102076416","14"
"2026-08-13T02:13:01.8769642+07:00","18","12961918976","3929059328","18480","True","7.21875","94605312","102076416","14"
"2026-08-13T02:13:03.2939310+07:00","22","12962705408","3928272896","18480","True","7.25","94593024","102363136","14"
"2026-08-13T02:13:04.7013645+07:00","24","12991483904","3899494400","18480","True","7.296875","94810112","102535168","14"
"2026-08-13T02:13:06.1046777+07:00","27","12944076800","3946901504","18480","True","7.3125","94810112","102535168","14"
"2026-08-13T02:13:07.5097110+07:00","36","12941549568","3949428736","18480","True","7.328125","94810112","102535168","14"
"2026-08-13T02:13:08.9269282+07:00","32","12954279936","3936698368","18480","True","7.359375","94826496","102551552","14"
"2026-08-13T02:13:10.3284278+07:00","24","12947697664","3943280640","18480","True","7.46875","94707712","102019072","14"
"2026-08-13T02:13:11.7286536+07:00","17","12947857408","3943120896","18480","True","7.484375","94744576","102055936","14"
"2026-08-13T02:13:13.1271659+07:00","29","12955983872","3934994432","18480","True","7.5","94806016","102121472","14"
"2026-08-13T02:13:14.5381811+07:00","36","12964003840","3926974464","18480","True","7.546875","94806016","102121472","14"
"2026-08-13T02:13:15.9439800+07:00","20","12960546816","3930431488","18480","True","7.546875","94806016","102121472","14"
"2026-08-13T02:13:17.3379856+07:00","31","12952334336","3938643968","18480","True","7.578125","94806016","102121472","14"
"2026-08-13T02:13:18.7376132+07:00","27","12973969408","3917008896","18480","True","7.609375","94806016","102121472","14"
"2026-08-13T02:13:20.1320298+07:00","24","12973465600","3917512704","18480","True","7.609375","94806016","102121472","14"
"2026-08-13T02:13:21.5271204+07:00","21","12966064128","3924914176","18480","True","7.609375","94806016","102121472","14"
"2026-08-13T02:13:22.9329179+07:00","36","12982009856","3908968448","18480","True","7.640625","94806016","102121472","14"
"2026-08-13T02:13:24.3387240+07:00","23","12985106432","3905871872","18480","True","7.65625","94806016","102121472","14"
"2026-08-13T02:13:25.7552057+07:00","20","12973543424","3917434880","18480","True","7.65625","94806016","102121472","14"
"2026-08-13T02:13:27.1607533+07:00","31","12949364736","3941613568","18480","True","7.65625","94806016","102121472","14"
"2026-08-13T02:13:28.5562665+07:00","35","12948971520","3942006784","18480","True","7.65625","94806016","102121472","14"
"2026-08-13T02:13:29.9604974+07:00","28","12944584704","3946393600","18480","True","7.6875","94806016","102121472","14"
"2026-08-13T02:13:31.3662445+07:00","43","12952506368","3938471936","18480","True","7.6875","94806016","102121472","14"
"2026-08-13T02:13:32.7682597+07:00","24","12962082816","3928895488","18480","True","7.71875","94806016","102121472","14"
"2026-08-13T02:13:34.1710825+07:00","32","12963422208","3927556096","18480","True","7.71875","94806016","102121472","14"
"2026-08-13T02:13:35.5775400+07:00","45","12946112512","3944865792","18480","True","7.71875","94806016","102121472","14"
"2026-08-13T02:13:36.9713604+07:00","34","12937281536","3953696768","18480","True","7.75","94621696","101912576","14"
"2026-08-13T02:13:38.3723325+07:00","26","12898865152","3992113152","18480","True","7.75","94625792","101916672","14"
"2026-08-13T02:13:39.7775459+07:00","22","12924805120","3966173184","18480","True","7.765625","94625792","101916672","14"
"2026-08-13T02:13:41.1880153+07:00","28","12924563456","3966414848","18480","True","7.78125","94625792","101916672","14"
"2026-08-13T02:13:42.5887808+07:00","35","12952969216","3938009088","18480","True","7.796875","94625792","101916672","14"
"2026-08-13T02:13:44.0140477+07:00","32","12949635072","3941343232","18480","True","7.796875","94625792","101916672","14"
"2026-08-13T02:13:45.4176190+07:00","34","12995665920","3895312384","18480","True","7.8125","94625792","101916672","14"
"2026-08-13T02:13:46.8176113+07:00","34","13016399872","3874578432","18480","True","7.8125","94625792","101916672","14"
"2026-08-13T02:13:48.2278439+07:00","26","13044350976","3846627328","18480","True","7.828125","94625792","101916672","14"
"2026-08-13T02:13:49.6333250+07:00","21","13074186240","3816792064","18480","True","7.84375","95023104","102096896","14"
"2026-08-13T02:13:51.0384731+07:00","34","13095055360","3795922944","18480","True","7.859375","95023104","102096896","14"
"2026-08-13T02:13:52.4389377+07:00","35","13086498816","3804479488","18480","True","7.859375","95023104","102096896","14"
"2026-08-13T02:13:53.8379395+07:00","47","13093167104","3797811200","18480","True","7.90625","95023104","102096896","14"
"2026-08-13T02:13:55.2545673+07:00","15","13154492416","3736485888","18480","True","7.921875","95023104","102096896","14"
"2026-08-13T02:13:56.6618968+07:00","42","13141630976","3749347328","18480","True","7.953125","95023104","102096896","14"
"2026-08-13T02:13:58.0761291+07:00","27","13183164416","3707813888","18480","True","7.96875","95023104","102096896","14"
"2026-08-13T02:13:59.4845941+07:00","46","13211910144","3679068160","18480","True","7.984375","95023104","102096896","14"
"2026-08-13T02:14:00.9001555+07:00","28","13172187136","3718791168","18480","True","7.984375","95023104","102096896","14"
"2026-08-13T02:14:02.3068735+07:00","25","13227843584","3663134720","18480","True","7.984375","95023104","102096896","14"
"2026-08-13T02:14:03.7176913+07:00","25","13225197568","3665780736","18480","True","7.984375","95023104","102096896","14"
"2026-08-13T02:14:05.1102407+07:00","42","13403336704","3487641600","18480","True","8.015625","95023104","102096896","14"
"2026-08-13T02:14:06.5271511+07:00","29","13382246400","3508731904","18480","True","8.03125","95023104","102096896","14"
"2026-08-13T02:14:07.9325794+07:00","38","13373767680","3517210624","18480","True","8.046875","95023104","102096896","14"
"2026-08-13T02:14:09.3334567+07:00","19","13347225600","3543752704","18480","True","8.046875","95023104","102096896","14"
"2026-08-13T02:14:10.7381606+07:00","16","13340000256","3550978048","18480","True","8.046875","95023104","102096896","14"
"2026-08-13T02:14:12.1171049+07:00","20","13340983296","3549995008","18480","True","8.0625","95023104","102096896","14"
"2026-08-13T02:14:13.4946924+07:00","28","13274099712","3616878592","18480","True","8.0625","95023104","102096896","14"
"2026-08-13T02:14:14.9049924+07:00","34","13252751360","3638226944","18480","True","8.0625","95023104","102096896","14"
"2026-08-13T02:14:16.3104438+07:00","27","13185568768","3705409536","18480","True","8.09375","95023104","102096896","14"
"2026-08-13T02:14:17.7215465+07:00","19","13355950080","3535028224","18480","True","8.09375","95023104","102096896","14"
"2026-08-13T02:14:19.1185117+07:00","17","12834418688","4056559616","18480","True","8.09375","95023104","102096896","14"
"2026-08-13T02:14:20.4918723+07:00","17","12827979776","4062998528","18480","True","8.09375","95023104","102096896","14"
"2026-08-13T02:14:21.8949204+07:00","33","12729675776","4161302528","18480","True","8.09375","95023104","102096896","14"
"2026-08-13T02:14:23.2950574+07:00","33","12706017280","4184961024","18480","True","8.09375","95023104","102096896","14"
"2026-08-13T02:14:24.6843449+07:00","22","12714491904","4176486400","18480","True","8.09375","94986240","102027264","12"
"2026-08-13T02:14:26.0773208+07:00","11","12699971584","4191006720","18480","True","8.09375","94986240","102027264","12"
"2026-08-13T02:14:27.5176293+07:00","33","12706488320","4184489984","18480","True","8.09375","94986240","102027264","12"
"2026-08-13T02:14:28.9059715+07:00","22","12695191552","4195786752","18480","True","8.09375","94986240","102027264","12"
"2026-08-13T02:14:30.3004075+07:00","31","12704518144","4186460160","18480","True","8.09375","94986240","102027264","12"
"2026-08-13T02:14:31.6890830+07:00","18","12617687040","4273291264","18480","True","8.09375","94986240","102027264","12"
"2026-08-13T02:14:33.0890566+07:00","25","12536389632","4354588672","18480","True","8.09375","94986240","102027264","12"
"2026-08-13T02:14:34.4670683+07:00","36","12504109056","4386869248","18480","True","8.09375","94986240","102027264","12"
"2026-08-13T02:14:35.8606529+07:00","40","12484251648","4406726656","18480","True","8.09375","94986240","102027264","12"
"2026-08-13T02:14:37.2564072+07:00","24","12479774720","4411203584","18480","True","8.09375","94986240","102027264","12"
"2026-08-13T02:14:38.6343766+07:00","19","12444401664","4446576640","18480","True","8.09375","94986240","102027264","12"
"2026-08-13T02:14:40.0184045+07:00","19","12443729920","4447248384","18480","True","8.09375","94986240","102027264","12"
"2026-08-13T02:14:41.4113429+07:00","28","12442984448","4447993856","18480","True","8.09375","94986240","102027264","12"
"2026-08-13T02:14:42.8231377+07:00","32","12290252800","4600725504","18480","True","8.09375","94986240","102027264","12"
"2026-08-13T02:14:44.2119692+07:00","27","12290928640","4600049664","18480","True","8.09375","94986240","102027264","12"
"2026-08-13T02:14:45.6065551+07:00","36","12269441024","4621537280","18480","True","8.09375","94986240","102027264","12"
"2026-08-13T02:14:47.0081240+07:00","23","12291825664","4599152640","18480","True","8.09375","94986240","102027264","12"
"2026-08-13T02:14:48.3776741+07:00","34","12316561408","4574416896","18480","True","8.09375","94986240","102027264","12"
"2026-08-13T02:14:49.7837481+07:00","22","12338352128","4552626176","18480","True","8.09375","94986240","102027264","12"
"2026-08-13T02:14:51.1727588+07:00","14","12349571072","4541407232","18480","True","8.09375","94986240","102027264","12"
"2026-08-13T02:14:52.5721076+07:00","20","12319756288","4571222016","18480","True","8.09375","94986240","102027264","12"
"2026-08-13T02:14:53.9618419+07:00","28","12315312128","4575666176","18480","True","8.09375","94986240","102027264","12"
"2026-08-13T02:14:55.3399298+07:00","17","12318679040","4572299264","18480","True","8.09375","94986240","102027264","12"
"2026-08-13T02:14:56.7240387+07:00","30","12345937920","4545040384","18480","True","8.09375","94986240","102027264","12"
"2026-08-13T02:14:58.1222692+07:00","23","12337139712","4553838592","18480","True","8.09375","94986240","102027264","12"
"2026-08-13T02:14:59.5002478+07:00","15","12353114112","4537864192","18480","True","8.09375","94986240","102027264","12"
"2026-08-13T02:15:00.8943405+07:00","24","12326494208","4564484096","18480","True","8.09375","94986240","102027264","12"
"2026-08-13T02:15:02.2777524+07:00","30","12324634624","4566343680","18480","True","8.09375","94986240","102027264","12"
"2026-08-13T02:15:03.6777523+07:00","17","12331991040","4558987264","18480","True","8.09375","94986240","102027264","12"
"2026-08-13T02:15:05.0619322+07:00","21","12324810752","4566167552","18480","True","8.09375","94986240","102027264","12"
"2026-08-13T02:15:06.4506193+07:00","30","12327849984","4563128320","18480","True","8.09375","94986240","102027264","12"
"2026-08-13T02:15:07.8453246+07:00","31","12339646464","4551331840","18480","True","8.09375","94986240","102027264","12"
"2026-08-13T02:15:09.2285673+07:00","25","12335890432","4555087872","18480","True","8.09375","94986240","102027264","12"
"2026-08-13T02:15:10.6176930+07:00","11","12308803584","4582174720","18480","True","8.09375","94986240","102027264","12"
"2026-08-13T02:15:12.0074745+07:00","24","12323168256","4567810048","18480","True","8.09375","94986240","102027264","12"
"2026-08-13T02:15:13.3955100+07:00","33","12301766656","4589211648","18480","True","8.09375","94986240","102027264","12"
"2026-08-13T02:15:14.7890615+07:00","15","12307292160","4583686144","18480","True","8.09375","94986240","102027264","12"
"2026-08-13T02:15:16.1835715+07:00","20","12306337792","4584640512","18480","True","8.09375","94986240","102027264","12"
"2026-08-13T02:15:17.5675474+07:00","20","12337233920","4553744384","18480","True","8.09375","94986240","102027264","12"
"2026-08-13T02:15:18.9851129+07:00","32","12342169600","4548808704","18480","True","8.09375","94986240","102027264","12"
"2026-08-13T02:15:20.3901659+07:00","21","12335890432","4555087872","18480","True","8.09375","94986240","102027264","12"
"2026-08-13T02:15:21.7898020+07:00","24","12336533504","4554444800","18480","True","8.09375","94986240","102027264","12"
"2026-08-13T02:15:23.1920332+07:00","31","12342984704","4547993600","18480","True","8.09375","94986240","102027264","12"
"2026-08-13T02:15:24.5737481+07:00","27","12332462080","4558516224","18480","True","8.09375","94986240","102027264","12"
"2026-08-13T02:15:25.9611720+07:00","20","12337016832","4553961472","18480","True","8.09375","94986240","102027264","12"
